{"cameraMode":{"drawMode":0,"name":"Shaded","section":"Shading Mode"},"sceneLighting":false,"audioPlay":false,"sceneViewState":{"showFog":true,"showMaterialUpdate":true,"showSkybox":false,"showFlares":true,"showImageEffects":true,"showParticleSystems":true},"in2DMode":false,"pivot":{"x":-0.46175384521484377,"y":2.8574280738830568,"z":-0.0660853385925293},"rotation":{"x":0.1440916359424591,"y":0.12691336870193482,"z":-0.018874838948249818,"w":0.9813830852508545},"size":4.49015474319458,"orthographic":false}