{"cameraMode":{"drawMode":0,"name":"Shaded","section":"Shading Mode"},"sceneLighting":false,"audioPlay":false,"sceneViewState":{"showFog":true,"showMaterialUpdate":false,"showSkybox":true,"showFlares":true,"showImageEffects":true,"showParticleSystems":true},"in2DMode":false,"pivot":{"x":11.402999877929688,"y":2.2309999465942385,"z":0.0},"rotation":{"x":-0.23804572224617005,"y":-0.5623266696929932,"z":0.17323188483715058,"w":-0.7727313041687012},"size":6.581582546234131,"orthographic":false}