{"cameraMode":{"drawMode":0,"name":"Shaded","section":"Shading Mode"},"sceneLighting":false,"audioPlay":false,"sceneViewState":{"showFog":true,"showMaterialUpdate":false,"showSkybox":true,"showFlares":true,"showImageEffects":true,"showParticleSystems":true},"in2DMode":false,"pivot":{"x":13.666001319885254,"y":3.0,"z":2.1534035205841066},"rotation":{"x":-0.050784189254045489,"y":-0.9485902786254883,"z":0.20250745117664338,"w":-0.2378828227519989},"size":12.124975204467774,"orthographic":false}