{"cameraMode":{"drawMode":0,"name":"Shaded","section":"Shading Mode"},"sceneLighting":false,"audioPlay":false,"sceneViewState":{"showFog":true,"showMaterialUpdate":false,"showSkybox":true,"showFlares":true,"showImageEffects":true,"showParticleSystems":true},"in2DMode":false,"pivot":{"x":-0.44417622685432436,"y":-0.78608638048172,"z":-0.5839759707450867},"rotation":{"x":-0.005243683699518442,"y":-0.9177038669586182,"z":0.39704567193984988,"w":-0.012123724445700646},"size":13.71436882019043,"orthographic":false}