{"cameraMode":{"drawMode":0,"name":"Shaded","section":"Shading Mode"},"sceneLighting":false,"audioPlay":false,"sceneViewState":{"showFog":true,"showMaterialUpdate":false,"showSkybox":true,"showFlares":true,"showImageEffects":true,"showParticleSystems":true},"in2DMode":false,"pivot":{"x":0.0,"y":0.699999988079071,"z":0.0006999969482421875},"rotation":{"x":0.3487356901168823,"y":0.07240144163370133,"z":-0.027036456391215326,"w":0.9340291619300842},"size":15.1487398147583,"orthographic":false}