{"cameraMode":{"drawMode":0,"name":"Shaded","section":"Shading Mode"},"sceneLighting":true,"audioPlay":false,"sceneViewState":{"showFog":true,"showMaterialUpdate":true,"showSkybox":true,"showFlares":true,"showImageEffects":true,"showParticleSystems":true},"in2DMode":false,"pivot":{"x":-15.24112606048584,"y":-137.66671752929688,"z":27.878894805908204},"rotation":{"x":-0.6009930372238159,"y":0.17226926982402802,"z":-0.13443531095981599,"w":-0.7690405249595642},"size":75.29569244384766,"orthographic":false}