{"cameraMode":{"drawMode":0,"name":"Shaded","section":"Shading Mode"},"sceneLighting":false,"audioPlay":false,"sceneViewState":{"showFog":true,"showMaterialUpdate":false,"showSkybox":true,"showFlares":true,"showImageEffects":true,"showParticleSystems":true},"in2DMode":false,"pivot":{"x":18.082645416259767,"y":5.656103610992432,"z":3.3749828338623049},"rotation":{"x":-0.13314633071422578,"y":-0.866853654384613,"z":0.34004169702529909,"w":-0.3394237458705902},"size":12.124975204467774,"orthographic":false}