{"cameraMode":{"drawMode":0,"name":"Shaded","section":"Shading Mode"},"sceneLighting":false,"audioPlay":false,"sceneViewState":{"showFog":true,"showMaterialUpdate":false,"showSkybox":true,"showFlares":true,"showImageEffects":true,"showParticleSystems":true},"in2DMode":false,"pivot":{"x":7.226474761962891,"y":9.822182655334473,"z":-8.53597354888916},"rotation":{"x":-0.005243683699518442,"y":-0.9177038669586182,"z":0.39704567193984988,"w":-0.012123724445700646},"size":13.714369773864746,"orthographic":false}