{"cameraMode":{"drawMode":0,"name":"Shaded","section":"Shading Mode"},"sceneLighting":false,"audioPlay":false,"sceneViewState":{"showFog":true,"showMaterialUpdate":false,"showSkybox":true,"showFlares":true,"showImageEffects":true,"showParticleSystems":true},"in2DMode":false,"pivot":{"x":-10.429764747619629,"y":10.910651206970215,"z":-18.60454559326172},"rotation":{"x":0.018509995192289354,"y":-0.9173728227615356,"z":0.3952717185020447,"w":0.04295230284333229},"size":22.0,"orthographic":false}