{"cameraMode":{"drawMode":0,"name":"Shaded","section":"Shading Mode"},"sceneLighting":false,"audioPlay":false,"sceneViewState":{"showFog":true,"showMaterialUpdate":false,"showSkybox":true,"showFlares":true,"showImageEffects":true,"showParticleSystems":true},"in2DMode":false,"pivot":{"x":-0.09649693965911865,"y":13.607137680053711,"z":16.68534278869629},"rotation":{"x":-0.008522344753146172,"y":-0.9460914731025696,"z":0.32282277941703799,"w":-0.02497578226029873},"size":2.8578836917877199,"orthographic":false}