{"cameraMode":{"drawMode":0,"name":"Shaded","section":"Shading Mode"},"sceneLighting":false,"audioPlay":false,"sceneViewState":{"showFog":true,"showMaterialUpdate":false,"showSkybox":true,"showFlares":true,"showImageEffects":true,"showParticleSystems":true},"in2DMode":false,"pivot":{"x":-0.016551639884710313,"y":-1.5024402141571046,"z":-4.113972187042236},"rotation":{"x":-0.005025488790124655,"y":-0.9505681395530701,"z":0.3100927174091339,"w":-0.015410308726131916},"size":15.997344970703125,"orthographic":false}