{"cameraMode":{"drawMode":0,"name":"Shaded","section":"Shading Mode"},"sceneLighting":false,"audioPlay":false,"sceneViewState":{"showFog":true,"showMaterialUpdate":false,"showSkybox":true,"showFlares":true,"showImageEffects":true,"showParticleSystems":true},"in2DMode":false,"pivot":{"x":-2.2574963569641115,"y":3.0,"z":-17.31447982788086},"rotation":{"x":-0.23529738187789918,"y":-0.6004078984260559,"z":0.19089622795581819,"w":-0.7400704026222229},"size":15.997344970703125,"orthographic":false}